-- MySQL dump 10.13  Distrib 8.0.36, for Win64 (x86_64)
--
-- Host: localhost    Database: gestion_inventario
-- ------------------------------------------------------
-- Server version	8.0.36

/*!40101 SET @OLD_CHARACTER_SET_CLIENT=@@CHARACTER_SET_CLIENT */;
/*!40101 SET @OLD_CHARACTER_SET_RESULTS=@@CHARACTER_SET_RESULTS */;
/*!40101 SET @OLD_COLLATION_CONNECTION=@@COLLATION_CONNECTION */;
/*!50503 SET NAMES utf8 */;
/*!40103 SET @OLD_TIME_ZONE=@@TIME_ZONE */;
/*!40103 SET TIME_ZONE='+00:00' */;
/*!40014 SET @OLD_UNIQUE_CHECKS=@@UNIQUE_CHECKS, UNIQUE_CHECKS=0 */;
/*!40014 SET @OLD_FOREIGN_KEY_CHECKS=@@FOREIGN_KEY_CHECKS, FOREIGN_KEY_CHECKS=0 */;
/*!40101 SET @OLD_SQL_MODE=@@SQL_MODE, SQL_MODE='NO_AUTO_VALUE_ON_ZERO' */;
/*!40111 SET @OLD_SQL_NOTES=@@SQL_NOTES, SQL_NOTES=0 */;

--
-- Table structure for table `clientes`
--

DROP TABLE IF EXISTS `clientes`;
/*!40101 SET @saved_cs_client     = @@character_set_client */;
/*!50503 SET character_set_client = utf8mb4 */;
CREATE TABLE `clientes` (
  `id` bigint NOT NULL AUTO_INCREMENT,
  `apellido` varchar(255) DEFAULT NULL,
  `nombre` varchar(255) DEFAULT NULL,
  `numero_documento` varchar(255) DEFAULT NULL,
  `tipo_documento_id` bigint DEFAULT NULL,
  PRIMARY KEY (`id`),
  KEY `FKrdfb31jofwpjv31hquwjalk66` (`tipo_documento_id`),
  CONSTRAINT `FKrdfb31jofwpjv31hquwjalk66` FOREIGN KEY (`tipo_documento_id`) REFERENCES `tipo_documento` (`id`)
) ENGINE=InnoDB AUTO_INCREMENT=15 DEFAULT CHARSET=utf8mb4 COLLATE=utf8mb4_0900_ai_ci;
/*!40101 SET character_set_client = @saved_cs_client */;

--
-- Dumping data for table `clientes`
--

LOCK TABLES `clientes` WRITE;
/*!40000 ALTER TABLE `clientes` DISABLE KEYS */;
INSERT INTO `clientes` VALUES (0,'NA','NA','NA',0),(1,'ROJAS','JUANA','457125478',1),(2,'LOPEZ','PABLO','458758745',1),(3,'TRUJILLO','VANESSA','47574589',1),(4,'YAURI','CARLOS','47699306',1),(5,'APORTO','GEAN','1022552145',2),(6,'PALACIOS','ORTEGA','1015851320',3),(7,'INTI','GIULIANA','15851320',1),(8,'YAURI','JOSE','48574582',1),(9,'INTI','YURGIN','15421254',1),(10,'INTI','JUNIOR','47854125',1),(13,'INTI','EMILIO','15853201',1),(14,'NOLASCO','ANTONY','46857452',1);
/*!40000 ALTER TABLE `clientes` ENABLE KEYS */;
UNLOCK TABLES;

--
-- Table structure for table `forma_pago`
--

DROP TABLE IF EXISTS `forma_pago`;
/*!40101 SET @saved_cs_client     = @@character_set_client */;
/*!50503 SET character_set_client = utf8mb4 */;
CREATE TABLE `forma_pago` (
  `id` bigint NOT NULL AUTO_INCREMENT,
  `descripcion` varchar(255) DEFAULT NULL,
  PRIMARY KEY (`id`)
) ENGINE=InnoDB AUTO_INCREMENT=4 DEFAULT CHARSET=utf8mb4 COLLATE=utf8mb4_0900_ai_ci;
/*!40101 SET character_set_client = @saved_cs_client */;

--
-- Dumping data for table `forma_pago`
--

LOCK TABLES `forma_pago` WRITE;
/*!40000 ALTER TABLE `forma_pago` DISABLE KEYS */;
INSERT INTO `forma_pago` VALUES (1,'EFECTIVO'),(2,'YAPE'),(3,'PLIN');
/*!40000 ALTER TABLE `forma_pago` ENABLE KEYS */;
UNLOCK TABLES;

--
-- Table structure for table `roles`
--

DROP TABLE IF EXISTS `roles`;
/*!40101 SET @saved_cs_client     = @@character_set_client */;
/*!50503 SET character_set_client = utf8mb4 */;
CREATE TABLE `roles` (
  `id` bigint NOT NULL AUTO_INCREMENT,
  `nombre` varchar(255) DEFAULT NULL,
  PRIMARY KEY (`id`)
) ENGINE=InnoDB AUTO_INCREMENT=5 DEFAULT CHARSET=utf8mb4 COLLATE=utf8mb4_0900_ai_ci;
/*!40101 SET character_set_client = @saved_cs_client */;

--
-- Dumping data for table `roles`
--

LOCK TABLES `roles` WRITE;
/*!40000 ALTER TABLE `roles` DISABLE KEYS */;
INSERT INTO `roles` VALUES (1,'MASTER'),(2,'ADMIN'),(3,'LOGISTICA'),(4,'VENDEDOR');
/*!40000 ALTER TABLE `roles` ENABLE KEYS */;
UNLOCK TABLES;

--
-- Table structure for table `tipo_comprobante`
--

DROP TABLE IF EXISTS `tipo_comprobante`;
/*!40101 SET @saved_cs_client     = @@character_set_client */;
/*!50503 SET character_set_client = utf8mb4 */;
CREATE TABLE `tipo_comprobante` (
  `id` bigint NOT NULL AUTO_INCREMENT,
  `descripcion` varchar(255) DEFAULT NULL,
  PRIMARY KEY (`id`)
) ENGINE=InnoDB AUTO_INCREMENT=4 DEFAULT CHARSET=utf8mb4 COLLATE=utf8mb4_0900_ai_ci;
/*!40101 SET character_set_client = @saved_cs_client */;

--
-- Dumping data for table `tipo_comprobante`
--

LOCK TABLES `tipo_comprobante` WRITE;
/*!40000 ALTER TABLE `tipo_comprobante` DISABLE KEYS */;
INSERT INTO `tipo_comprobante` VALUES (1,'BOLETA'),(2,'FACTURA'),(3,'GUIA DE REMISIÓN');
/*!40000 ALTER TABLE `tipo_comprobante` ENABLE KEYS */;
UNLOCK TABLES;

--
-- Table structure for table `tipo_documento`
--

DROP TABLE IF EXISTS `tipo_documento`;
/*!40101 SET @saved_cs_client     = @@character_set_client */;
/*!50503 SET character_set_client = utf8mb4 */;
CREATE TABLE `tipo_documento` (
  `id` bigint NOT NULL AUTO_INCREMENT,
  `descripcion` varchar(255) DEFAULT NULL,
  PRIMARY KEY (`id`)
) ENGINE=InnoDB AUTO_INCREMENT=5 DEFAULT CHARSET=utf8mb4 COLLATE=utf8mb4_0900_ai_ci;
/*!40101 SET character_set_client = @saved_cs_client */;

--
-- Dumping data for table `tipo_documento`
--

LOCK TABLES `tipo_documento` WRITE;
/*!40000 ALTER TABLE `tipo_documento` DISABLE KEYS */;
INSERT INTO `tipo_documento` VALUES (0,'DOC.N.DOMICILIADO'),(1,'DNI'),(2,'RUC'),(3,'CE');
/*!40000 ALTER TABLE `tipo_documento` ENABLE KEYS */;
UNLOCK TABLES;

--
-- Table structure for table `usuario_rol`
--

DROP TABLE IF EXISTS `usuario_rol`;
/*!40101 SET @saved_cs_client     = @@character_set_client */;
/*!50503 SET character_set_client = utf8mb4 */;
CREATE TABLE `usuario_rol` (
  `usuario_id` bigint NOT NULL,
  `rol_id` bigint NOT NULL,
  PRIMARY KEY (`usuario_id`,`rol_id`),
  KEY `FKe3kd49gu3mhj2ty5kl44qsytp` (`rol_id`),
  CONSTRAINT `FKe3kd49gu3mhj2ty5kl44qsytp` FOREIGN KEY (`rol_id`) REFERENCES `roles` (`id`),
  CONSTRAINT `FKktsemf1f6awjww4da0ocv4n32` FOREIGN KEY (`usuario_id`) REFERENCES `usuarios` (`id`)
) ENGINE=InnoDB DEFAULT CHARSET=utf8mb4 COLLATE=utf8mb4_0900_ai_ci;
/*!40101 SET character_set_client = @saved_cs_client */;

--
-- Dumping data for table `usuario_rol`
--

LOCK TABLES `usuario_rol` WRITE;
/*!40000 ALTER TABLE `usuario_rol` DISABLE KEYS */;
INSERT INTO `usuario_rol` VALUES (1,1),(24,1),(2,3);
/*!40000 ALTER TABLE `usuario_rol` ENABLE KEYS */;
UNLOCK TABLES;

--
-- Table structure for table `usuarios`
--

DROP TABLE IF EXISTS `usuarios`;
/*!40101 SET @saved_cs_client     = @@character_set_client */;
/*!50503 SET character_set_client = utf8mb4 */;
CREATE TABLE `usuarios` (
  `id` bigint NOT NULL AUTO_INCREMENT,
  `estado` varchar(255) DEFAULT NULL,
  `nombre` varchar(255) DEFAULT NULL,
  `password` varchar(255) DEFAULT NULL,
  `telefono` varchar(255) DEFAULT NULL,
  `username` varchar(255) DEFAULT NULL,
  `role_ids` varbinary(255) DEFAULT NULL,
  PRIMARY KEY (`id`)
) ENGINE=InnoDB AUTO_INCREMENT=25 DEFAULT CHARSET=utf8mb4 COLLATE=utf8mb4_0900_ai_ci;
/*!40101 SET character_set_client = @saved_cs_client */;

--
-- Dumping data for table `usuarios`
--

LOCK TABLES `usuarios` WRITE;
/*!40000 ALTER TABLE `usuarios` DISABLE KEYS */;
INSERT INTO `usuarios` VALUES (1,'A','CARLOS YAURI','$2a$10$7cz3ELSNKhEoRJR4bl3lHu9MpOn2c98mQ84stLtIf4QWHnYTbplby',NULL,'CYAURI',NULL),(2,'A','JUAN VASQUEZ','$2a$10$7cz3ELSNKhEoRJR4bl3lHu9MpOn2c98mQ84stLtIf4QWHnYTbplby',NULL,'JVASQUEZ',NULL),(24,'A','LESTER VARGAS','$2a$10$adtTbbR8rnvTBG3EdHOsN.JUzyp5lg7QX8TRuN8qaF2UuIXQV3f.m',NULL,'LVARGAS',NULL);
/*!40000 ALTER TABLE `usuarios` ENABLE KEYS */;
UNLOCK TABLES;
/*!40103 SET TIME_ZONE=@OLD_TIME_ZONE */;

/*!40101 SET SQL_MODE=@OLD_SQL_MODE */;
/*!40014 SET FOREIGN_KEY_CHECKS=@OLD_FOREIGN_KEY_CHECKS */;
/*!40014 SET UNIQUE_CHECKS=@OLD_UNIQUE_CHECKS */;
/*!40101 SET CHARACTER_SET_CLIENT=@OLD_CHARACTER_SET_CLIENT */;
/*!40101 SET CHARACTER_SET_RESULTS=@OLD_CHARACTER_SET_RESULTS */;
/*!40101 SET COLLATION_CONNECTION=@OLD_COLLATION_CONNECTION */;
/*!40111 SET SQL_NOTES=@OLD_SQL_NOTES */;

-- Dump completed on 2024-09-29 15:20:26
